<?xml version="1.0" encoding="UTF-8"?>
<project-private xmlns="http://www.netbeans.org/ns/project-private/1">
    <editor-bookmarks xmlns="http://www.netbeans.org/ns/editor-bookmarks/2" lastBookmarkId="0"/>
    <open-files xmlns="http://www.netbeans.org/ns/projectui-open-files/2">
        <group>
            <file>file:/C:/Users/ADMIN/Documents/NetBeansProjects/Torneo_de_futbol/src/torneo_de_futbol/Ver_resultados.java</file>
            <file>file:/C:/Users/ADMIN/Documents/NetBeansProjects/Torneo_de_futbol/src/torneo_de_futbol/ObjetoComparator.java</file>
            <file>file:/C:/Users/ADMIN/Documents/NetBeansProjects/Torneo_de_futbol/src/torneo_de_futbol/ventana.java</file>
            <file>file:/C:/Users/ADMIN/Documents/NetBeansProjects/Torneo_de_futbol/src/torneo_de_futbol/partido.java</file>
        </group>
    </open-files>
</project-private>
